{
  "input_normalized": {
    "shape": [
      3,
      518,
      518
    ],
    "dtype": "float32",
    "range": [
      -2.1179039478302,
      2.640000104904175
    ],
    "mean": 0.17232847213745117,
    "std": 1.0950708389282227,
    "file": "input_normalized.bin",
    "size_bytes": 3219888
  },
  "patch_embed_output": {
    "shape": [
      1369,
      1024
    ],
    "dtype": "float32",
    "range": [
      -3.5042734146118164,
      3.145763397216797
    ],
    "mean": -0.004271968267858028,
    "std": 0.12863506376743317,
    "file": "patch_embed_output.bin",
    "size_bytes": 5607424
  },
  "tokens_after_pos_embed": {
    "shape": [
      1370,
      1024
    ],
    "dtype": "float32",
    "range": [
      -3.5026605129241943,
      3.1438565254211426
    ],
    "mean": -0.004239298403263092,
    "std": 0.12880602478981018,
    "file": "tokens_after_pos_embed.bin",
    "size_bytes": 5611520
  },
  "block_0_norm1": {
    "shape": [
      1370,
      1024
    ],
    "dtype": "float32",
    "range": [
      -9.85166072845459,
      11.848420143127441
    ],
    "mean": -0.007756723091006279,
    "std": 0.3274047374725342,
    "file": "block_0_norm1.bin",
    "size_bytes": 5611520
  },
  "block_0_qkv": {
    "shape": [
      1370,
      3072
    ],
    "dtype": "float32",
    "range": [
      -11.218175888061523,
      11.27507495880127
    ],
    "mean": -0.016596369445323944,
    "std": 2.0494823455810547,
    "file": "block_0_qkv.bin",
    "size_bytes": 16834560
  },
  "block_0_attn_out": {
    "shape": [
      1370,
      1024
    ],
    "dtype": "float32",
    "range": [
      -1.2109845876693726,
      1.1854069232940674
    ],
    "mean": 0.0012835562229156494,
    "std": 0.1278158277273178,
    "file": "block_0_attn_out.bin",
    "size_bytes": 5611520
  },
  "block_0_after_ls1": {
    "shape": [
      1370,
      1024
    ],
    "dtype": "float32",
    "range": [
      -3.5026581287384033,
      3.1438589096069336
    ],
    "mean": -0.004722935147583485,
    "std": 0.13158805668354034,
    "file": "block_0_after_ls1.bin",
    "size_bytes": 5611520
  },
  "block_0_norm2": {
    "shape": [
      1370,
      1024
    ],
    "dtype": "float32",
    "range": [
      -26.160795211791992,
      46.39878845214844
    ],
    "mean": -0.005797241348773241,
    "std": 1.4947892427444458,
    "file": "block_0_norm2.bin",
    "size_bytes": 5611520
  },
  "block_0_mlp_out": {
    "shape": [
      1370,
      1024
    ],
    "dtype": "float32",
    "range": [
      -4.344221115112305,
      3.476928949356079
    ],
    "mean": 0.003294415771961212,
    "std": 0.16512413322925568,
    "file": "block_0_mlp_out.bin",
    "size_bytes": 5611520
  },
  "block_0_fc1_pre_gelu": {
    "shape": [
      1370,
      4096
    ],
    "dtype": "float32",
    "range": [
      -15.005301475524902,
      10.337100982666016
    ],
    "mean": -3.681560516357422,
    "std": 1.88911771774292,
    "file": "block_0_fc1_pre_gelu.bin",
    "size_bytes": 22446080
  },
  "block_0_fc1_post_gelu": {
    "shape": [
      1370,
      4096
    ],
    "dtype": "float32",
    "range": [
      -0.16997121274471283,
      10.337100982666016
    ],
    "mean": -0.00579061871394515,
    "std": 0.1640159785747528,
    "file": "block_0_fc1_post_gelu.bin",
    "size_bytes": 22446080
  },
  "block_0_output": {
    "shape": [
      1370,
      1024
    ],
    "dtype": "float32",
    "range": [
      -3.4827818870544434,
      3.133394718170166
    ],
    "mean": -0.004238716326653957,
    "std": 0.12696309387683868,
    "file": "block_0_output.bin",
    "size_bytes": 5611520
  },
  "block_1_output": {
    "shape": [
      1370,
      1024
    ],
    "dtype": "float32",
    "range": [
      -1.656255841255188,
      1.3492798805236816
    ],
    "mean": -0.0035021225921809673,
    "std": 0.07784762978553772,
    "file": "block_1_output.bin",
    "size_bytes": 5611520
  },
  "block_2_output": {
    "shape": [
      1370,
      1024
    ],
    "dtype": "float32",
    "range": [
      -1.6815482378005981,
      1.1599640846252441
    ],
    "mean": -0.004892748314887285,
    "std": 0.06779289245605469,
    "file": "block_2_output.bin",
    "size_bytes": 5611520
  },
  "block_3_output": {
    "shape": [
      1370,
      1024
    ],
    "dtype": "float32",
    "range": [
      -1.6463797092437744,
      1.1594951152801514
    ],
    "mean": -0.005050746724009514,
    "std": 0.07724591344594955,
    "file": "block_3_output.bin",
    "size_bytes": 5611520
  },
  "block_4_output": {
    "shape": [
      1370,
      1024
    ],
    "dtype": "float32",
    "range": [
      -1.6989752054214478,
      0.8733882904052734
    ],
    "mean": -0.004423009231686592,
    "std": 0.058557190001010895,
    "file": "block_4_output.bin",
    "size_bytes": 5611520
  },
  "block_5_output": {
    "shape": [
      1370,
      1024
    ],
    "dtype": "float32",
    "range": [
      -1.703865647315979,
      0.7848456501960754
    ],
    "mean": -0.0060241748578846455,
    "std": 0.0595582090318203,
    "file": "block_5_output.bin",
    "size_bytes": 5611520
  },
  "block_11_output": {
    "shape": [
      1370,
      1024
    ],
    "dtype": "float32",
    "range": [
      -2.292212724685669,
      2.1775882244110107
    ],
    "mean": 0.0008374520693905652,
    "std": 0.09860429912805557,
    "file": "block_11_output.bin",
    "size_bytes": 5611520
  },
  "block_12_output": {
    "shape": [
      1370,
      1024
    ],
    "dtype": "float32",
    "range": [
      -2.918858289718628,
      5.282794952392578
    ],
    "mean": 0.0021311442833393812,
    "std": 0.11622122675180435,
    "file": "block_12_output.bin",
    "size_bytes": 5611520
  },
  "block_13_output": {
    "shape": [
      1370,
      1024
    ],
    "dtype": "float32",
    "range": [
      -2.9972448348999023,
      5.767416477203369
    ],
    "mean": 0.004774823784828186,
    "std": 0.13745149970054626,
    "file": "block_13_output.bin",
    "size_bytes": 5611520
  },
  "block_14_output": {
    "shape": [
      1370,
      1024
    ],
    "dtype": "float32",
    "range": [
      -2.993852376937866,
      6.249965667724609
    ],
    "mean": 0.006492882035672665,
    "std": 0.16998139023780823,
    "file": "block_14_output.bin",
    "size_bytes": 5611520
  },
  "block_15_output": {
    "shape": [
      1370,
      1024
    ],
    "dtype": "float32",
    "range": [
      -3.0327579975128174,
      6.471717357635498
    ],
    "mean": 0.01034100353717804,
    "std": 0.2096431404352188,
    "file": "block_15_output.bin",
    "size_bytes": 5611520
  },
  "block_16_output": {
    "shape": [
      1370,
      1024
    ],
    "dtype": "float32",
    "range": [
      -3.3146491050720215,
      6.605050086975098
    ],
    "mean": 0.018271420150995255,
    "std": 0.25892919301986694,
    "file": "block_16_output.bin",
    "size_bytes": 5611520
  },
  "block_17_output": {
    "shape": [
      1370,
      1024
    ],
    "dtype": "float32",
    "range": [
      -63.486289978027344,
      98.52957916259766
    ],
    "mean": 0.023423727601766586,
    "std": 0.3784710168838501,
    "file": "block_17_output.bin",
    "size_bytes": 5611520
  },
  "block_23_output": {
    "shape": [
      1370,
      1024
    ],
    "dtype": "float32",
    "range": [
      -126.40113830566406,
      26.822425842285156
    ],
    "mean": 0.16148149967193604,
    "std": 5.903134822845459,
    "file": "block_23_output.bin",
    "size_bytes": 5611520
  },
  "backbone_final_norm": {
    "shape": [
      1370,
      1024
    ],
    "dtype": "float32",
    "range": [
      -19.996410369873047,
      19.08711814880371
    ],
    "mean": 0.058057721704244614,
    "std": 0.8907602429389954,
    "file": "backbone_final_norm.bin",
    "size_bytes": 5611520
  },
  "intermediate_layer_0_feat": {
    "shape": [
      1369,
      1024
    ],
    "dtype": "float32",
    "range": [
      -41.942081451416016,
      70.22406005859375
    ],
    "mean": 0.05460415035486221,